nicho,cidade,nome,Endereço,Telefone,Website,Tipo,nota,reviews,Descricao,Latitude,Longitude
Regularização de imóveis,Rio de Janeiro,J D Machado Advogados & Consultores,N/A,(21) 3328-3042,N/A,Escritório de advocacia,5.0,55,N/A,N/A,N/A
Regularização de imóveis,Rio de Janeiro,MASCHIO PIONÓRIO ADVOCACIA - Filial Rio de Janeiro,N/A,(11) 93380-2035,N/A,Escritório de advocacia,5.0,21,N/A,N/A,N/A
Regularização de imóveis,Rio de Janeiro,Medeiros despachante Advocacia imobiliária ( regularização imóveis) e Correspondente Juridico,N/A,(21) 99864-3191,N/A,Despachante,5.0,13,N/A,N/A,N/A
Regularização de imóveis,Rio de Janeiro,Terreni Regularização de Imóveis Urbano e Rural,N/A,(21) 98130-0381,http://www.terreni.com.br/,Consultoria,5.0,23,N/A,N/A,N/A
Regularização de imóveis,Rio de Janeiro,JMarco Imóveis e Regularização,N/A,(21) 98584-9950,http://www.jmarcoimoveis.com.br/,Imobiliária,4.9,25,N/A,N/A,N/A
Regularização de imóveis,Rio de Janeiro,Regularização de imóveis |Dra. Caroline Barros IConsultoria Jurídica,N/A,(21) 99667-8345,http://www.legalizacaodeimoveisrj.com.br/,Consultoria,5.0,12,N/A,N/A,N/A
Regularização de imóveis,Rio de Janeiro,Regularização de imóveis e Corretora de Imóveis Baixada Fluminense e Grande Rio - Roselene Castro,N/A,(21) 97593-0988,https://wa.me/5521975930988,Consultoria,0.0,0,N/A,N/A,N/A
Regularização de imóveis,Rio de Janeiro,Legalização de Imóveis RJ," · Av. Brás de Pina, 1088 - Loja B",(21) 97316-3235,https://legalizacaodeimoveis.com.br/,Despachante,0.0,0,N/A,N/A,N/A
Regularização de imóveis,Rio de Janeiro,Advogado Imobiliário| C.B.Santos Assessoria Jurídica Especializada em Regularização de Imóveis," · Av. Geremário Dantas, 1401 - SALA 411",(21) 99667-8345,https://www.legalizacaodeimoveisrj.com.br/,Advogado imobiliário,5.0,14,N/A,N/A,N/A
Regularização de imóveis,Rio de Janeiro,Advogado Igor Pitta - Direito Imobiliário e Regularização de Imóveis,N/A,(21) 97455-5444,N/A,Advogado imobiliário,0.0,0,N/A,N/A,N/A
Regularização de imóveis,Rio de Janeiro,"Guerra Carius Assessoria Jurídica e Imobiliária | Cível, Imobiliário, Inventário, Regularização, Divórcio - Rio de Janeiro",N/A,(21) 4560-3009,https://www.advguerracarius.com.br/,Advogado imobiliário,5.0,5,N/A,N/A,N/A
Regularização de imóveis,Rio de Janeiro,Marinho Gonçalves Assessoria|Consumidor| Inventários | Condomínios| Família e Regularização de Imóveis,N/A,(21) 96546-8635,https://wa.me/message/2ZB5CJRURPKLL1,Empresa de advocacia,5.0,13,N/A,N/A,N/A
Regularização de imóveis,Rio de Janeiro,Advogada Renata Lourenço de Lima - Advocacia Imobiliária & Regularização de Imóveis Judicial e Extrajudicial,N/A,(21) 97313-4444,https://rlsociedadedeadvocacia.com/,Advogado imobiliário,0.0,0,N/A,N/A,N/A
Regularização de imóveis,Rio de Janeiro,"Advogado de Inventário, Walterlandio Araújo, Especialista em Herança, Usucapião e Regularização de Imóveis"," · Av. Maria Teresa, 260",(21) 98285-4507,https://walterlandioaraujo.com.br/,Advogado,5.0,673,N/A,N/A,N/A
Regularização de imóveis,Rio de Janeiro,Escritório de Advocacia de Direito Imobiliário Medeiros (CENTRAL DE LEGALIZAÇÃO DE IMÓVEIS),N/A,(21) 98620-2044,https://escritorio-direito-imobiliario-medeiros.webnode.page/,Advogado imobiliário,5.0,44,N/A,N/A,N/A
Regularização de imóveis,Rio de Janeiro,AN Despachantes. Regularização de Imóvel e Construção,N/A,(21) 99963-5816,https://www.andespachantes.com.br/,Despachante,5.0,1,N/A,N/A,N/A
Regularização de imóveis,Rio de Janeiro,Regulariza Imoveis,N/A,(22) 99922-2412,http://regularizaimovel.blogspot.com/,Empresa de advocacia,0.0,0,N/A,N/A,N/A
Regularização de imóveis,Rio de Janeiro,Legalizzar + Seu Espaço,N/A,(21) 97425-9262,https://legalizzar.com.br/bio,Consultoria,5.0,49,N/A,N/A,N/A
Regularização de imóveis,Rio de Janeiro,"NP Advogado de Família, Inventário, Regularização Imóveis, Posse, Sucessão, Divórcio, Advocacia Especialista"," · Av. Erasmo Braga, 299 - Sala 503",N/A,https://nehemiaspena.com.br/,Advogado especialista em divórcios,5.0,131,N/A,N/A,N/A
Regularização de imóveis,Rio de Janeiro,LUGGARE Soluções Imobiliárias,N/A,(21) 99640-3233,http://www.luggare.com.br/,Imobiliária,5.0,39,N/A,N/A,N/A
Certificação de acessibilidade,Rio de Janeiro,Acessibilidade Brasil,N/A,N/A,http://acessibilidadebrasil.org.br/,Centro Educacional,5.0,2,N/A,N/A,N/A
Certificação de acessibilidade,Rio de Janeiro,"Laudos de Acessibilidade, Vistorias, Consultoria e Projeto de Acessibilidade | Ana Jardim",N/A,(21) 99965-9873,https://www.anajardim.com/,Empresa de Auditoria,5.0,1,N/A,N/A,N/A
Certificação de acessibilidade,Rio de Janeiro,Coordenadoria de Acessibilidade de Niterói," · Prédio da Rodoviária Roberto Silveira, Praça Fonseca Ramos, S/N",(21) 2613-6610,http://www.facebook.com/acessibilidadeniteroi,Repartição pública,3.0,1,N/A,N/A,N/A
Certificação de acessibilidade,Rio de Janeiro,Acesso Vertical," · Rua Ewerton Xavier, R. Vinte e Dois, Qd 81 - Lt 03",(21) 99844-2183,https://acvertical.com.br/,Centro de treinamento,4.9,82,N/A,N/A,N/A
Certificação de acessibilidade,Rio de Janeiro,Classe A Certificado Digital e Corretora de Seguros," · Temos Vallet pela rua lateral - Boulevard 28 de Setembro, 62, R. Jorge Rudge, 5 - sala 307",(21) 99658-8988,https://classeacor.com.br/,Agência de certificação,5.0,158,N/A,N/A,N/A
Certificação de acessibilidade,Rio de Janeiro,Brasil Acessibilidade - Piso Tátil - Pvc - Concreto - Elemento Inox - Placa Braille - Laudo - Projeto," · Rua Frei Luiz Alevato, 356 - bloco 5, apto 504",(21) 99001-4545,https://www.brasilacessibilidade.com.br/,Fornecedor de equipamentos para deficientes,5.0,1,N/A,N/A,N/A
Certificação de acessibilidade,Rio de Janeiro,CPL -Soluções em Acessibilidade," · R. Dezenove de Fevereiro, 163",(21) 2266-4095,http://www.cpl.com.br/,Escritório da empresa,5.0,1,N/A,N/A,N/A
Certificação de acessibilidade,Rio de Janeiro,Safe Rio Certificação Ltda," · R. da Quitanda, 19 - SLA 1209",(21) 99175-4418,https://www.saferiocertificadodigital.com.br/,Agência de certificação,5.0,787,N/A,N/A,N/A
Certificação de acessibilidade,Rio de Janeiro,BR CERTIFICADOS - Recreio e Barra da Tijuca," · Av. Embaixador Abelardo Bueno, 3500 - Sala 319",(21) 3738-4979,https://www.brcertificados.com.br/,Agência de certificação,5.0,555,N/A,N/A,N/A
Certificação de acessibilidade,Rio de Janeiro,Inova - Certificado Digital Centro Niterói," · Av. Ernani do Amaral Peixoto, 455 - Sala 308",(21) 97713-7962,https://www.inovacertificacao.com.br/,Agência de certificação,5.0,115,N/A,N/A,N/A
Certificação de acessibilidade,Rio de Janeiro,Certificado Digital - SafeBrasil," · R. da Conceição, 95",(21) 97365-8860,https://safebrasiloficial.com.br/,Agência de certificação,5.0,0,N/A,N/A,N/A
Certificação de acessibilidade,Rio de Janeiro,AR PENTA - Certificação Digital,N/A,(21) 2232-2164,http://www.pentacertificacao.com.br/,Agência de certificação,4.3,6,N/A,N/A,N/A
Certificação de acessibilidade,Rio de Janeiro,Petram Certificados Digitais - Bangu,N/A,(21) 97205-5595,http://www.grupopetram.com.br/,Agência de certificação,4.4,7,N/A,N/A,N/A
Certificação de acessibilidade,Rio de Janeiro,Nosso Certificado- Freguesia," · Estr. de Jacarepaguá, 7655 Sl 416 Unicenter",(21) 96433-5852,N/A,Agência de certificação,5.0,11,N/A,N/A,N/A
Certificação de acessibilidade,Rio de Janeiro,ar.LFdigital," · Estr. da Cacuia, 347 - sala 216",(21) 3173-0298,http://arlfdigital.com.br/,Agência de certificação,5.0,140,N/A,N/A,N/A
Certificação de acessibilidade,Rio de Janeiro,IFISI Acessibilidade e Produções," · R. Baepina, 96 - Bl 2 Ap 1106",(21) 97445-4355,https://ifisiacessibilidade.com.br/,Complexo de condomínio,5.0,9,N/A,N/A,N/A
Certificação de acessibilidade,Rio de Janeiro,Flexcert Certificação Digital,N/A,(21) 3491-9537,http://flexcert.com.br/,Escritório da empresa,4.3,4,N/A,N/A,N/A
Certificação de acessibilidade,Rio de Janeiro,IDS Contadores,N/A,(21) 3199-0013,https://idscontadores.com.br/,Assessoria contábil,4.7,15,N/A,N/A,N/A
Certificação de acessibilidade,Rio de Janeiro,SIG Certificação Digital," · R. Visc. de Sepetiba, 935 - loja 106",(21) 3617-5731,https://www.sigcertificadora.com.br/,Escritório da empresa,4.4,9,N/A,N/A,N/A
Certificação de acessibilidade,Rio de Janeiro,CTCP - Centro de Tecnologia Certificação e Pesquisa," · Cittá América - Av das Américas, 700 bloco 3, sala 119",(21) 3184-2364,https://ctcp.org.br/,Empresa de telecomunicação,5.0,1,N/A,N/A,N/A
Energia solar comercial,Rio de Janeiro,Brayner Engenharia | Energia Solar Residencial | Energia Solar Em Barra Da Tijuca - RJ | Energia solar Comercial," · R. Igarapé-Açu, 365",(21) 2434-4001,https://www.braynersolar.com.br/,Fornecedor de equipamentos a energia solar,5.0,35,N/A,N/A,N/A
Energia solar comercial,Rio de Janeiro,SolarCorp Energia," · Av. das Américas, 3959 Marapendi Shopping, lojas 115 e 116",(21) 97094-7009,http://www.solarcorp.com.br/,Fornecedor de equipamentos a energia solar,4.7,98,N/A,N/A,N/A
Energia solar comercial,Rio de Janeiro,Geração Inteligente - Energia Solar Fotovoltaica,N/A,N/A,http://www.xn--geraointeligente-hnb5e.com/,Fornecedor de equipamentos a energia solar,5.0,21,N/A,N/A,N/A
Energia solar comercial,Rio de Janeiro,Energia Nobre," · Estr. do Engenho, 706",(21) 99678-9416,https://energianobre.com.br/contato/,Fornecedor de equipamentos a energia solar,5.0,11,N/A,N/A,N/A
Energia solar comercial,Rio de Janeiro,Evosolar Niterói - Energia Solar Fotovoltaica," · R. Dr. Nilo Peçanha, 133 - sala 401",(21) 99572-9658,https://www.evosolar.com.br/unidades/niteroi,Fornecedor de equipamentos a energia solar,4.9,71,N/A,N/A,N/A
Energia solar comercial,Rio de Janeiro,FRIO ELETRO," · R. Antônio Ferreira Lima, 450",(21) 99865-6347,http://frioeletro.com/,Fornecedor de equipamentos a energia solar,5.0,15,N/A,N/A,N/A
Energia solar comercial,Rio de Janeiro,Energia Solar Absoluta," · Avn Avn, Av. Embaixador Abelardo Bueno, 01 - Sala 620",(21) 3584-5000,http://www.absolutaclima.com.br/,Fornecedor de equipamentos a energia solar,4.7,23,N/A,N/A,N/A
Energia solar comercial,Rio de Janeiro,VIA SOLAR - Energia Solar,N/A,(21) 3594-5063,http://www.viaenergiasolar.com.br/,Empresa de energia solar,4.9,196,N/A,N/A,N/A
Energia solar comercial,Rio de Janeiro,Solar Economy,N/A,(21) 98747-0321,http://www.solareconomy.com.br/,Equipamentos e soluções de energia,5.0,28,N/A,N/A,N/A
Energia solar comercial,Rio de Janeiro,Renovo energia solar," · Av. Central Ewerton Xavier, 2101 - Sala 212",(21) 96706-1530,https://renovoenergiasolar.com.br/,Fornecedor de equipamentos a energia solar,5.0,114,N/A,N/A,N/A
Energia solar comercial,Rio de Janeiro,EnergizaSun - Energia Solar,N/A,(21) 97286-8096,http://energizasun.com/,Fornecedor de equipamentos a energia solar,5.0,63,N/A,N/A,N/A
Energia solar comercial,Rio de Janeiro,Eco Luminus Solar Solutions,N/A,(21) 98062-7030,N/A,Empresa de energia solar,5.0,48,N/A,N/A,N/A
Energia solar comercial,Rio de Janeiro,NLsolar Fotovoltaico,N/A,(21) 96974-4209,http://www.nlsolar.com.br/,Fornecedor de equipamentos a energia solar,5.0,15,N/A,N/A,N/A
Energia solar comercial,Rio de Janeiro,Litorânea Solar,N/A,N/A,N/A,Fornecedor de equipamentos a energia solar,4.8,23,N/A,N/A,N/A
Energia solar comercial,Rio de Janeiro,FUTURA SOLAR | Energia Solar RJ," · Shopping Crystal Mall - Estr. dos Bandeirantes, 7967 - sala 204",(21) 2147-8970,https://futurasolar.com.br/,Empresa de energia solar,5.0,28,N/A,N/A,N/A
Energia solar comercial,Rio de Janeiro,SolarThron," · Estr. do Pau-Ferro, 841",(21) 96492-7672,https://www.solarthron.com.br/,Fornecedor de equipamentos a energia solar,4.8,19,N/A,N/A,N/A
Energia solar comercial,Rio de Janeiro,SolarOn Soluções em Energia Solar," · Av. das Américas, 13651 - Cobertura/Salas 301 e 302",(21) 3416-1075,https://www.solaron.eco.br/,Fornecedor de equipamentos a energia solar,4.7,96,N/A,N/A,N/A
Energia solar comercial,Rio de Janeiro,Rio Solares Energia Solar," · Av. Getúlio de Moura, 2201",(21) 96427-5104,https://www.riosolares.com.br/,Fornecedor de equipamentos a energia solar,5.0,42,N/A,N/A,N/A
Energia solar comercial,Rio de Janeiro,Advanced Solar," · Av. Vice Pres. José Alencar, 1500",(21) 99188-2237,https://advancedsolar.com.br/,Empresa de energia solar,5.0,4,N/A,N/A,N/A
Energia solar comercial,Rio de Janeiro,"Plataforma Solar Ltda - Vendas, montagem e manutenção de Usinas Solares em Residências, Condomínios, Comércios e Indústrias.",N/A,(21) 98085-1908,http://www.plataformasolar.com.br/,Empresa de energia solar,5.0,29,N/A,N/A,N/A
Consultoria de ESG e licenciamento ambiental,Rio de Janeiro,Hazel,N/A,(21) 99624-6652,N/A,Empresa de Automação Empresarial,0.0,0,N/A,N/A,N/A
Consultoria de ESG e licenciamento ambiental,Rio de Janeiro,Sig Consultoria e Assessoria,N/A,(21) 3547-5307,N/A,Consultoria empresarial,5.0,1,N/A,N/A,N/A
Consultoria de ESG e licenciamento ambiental,Rio de Janeiro,Naturale Consultoria e Treinamento de QSMS,N/A,(21) 96922-0069,http://naturaleqsms.com.br/,Consultoria empresarial,5.0,19,N/A,N/A,N/A
Consultoria de ESG e licenciamento ambiental,Rio de Janeiro,Ética Ambiental,N/A,(21) 3349-7376,http://www.etica-ambiental.com.br/,Consultor ambiental,4.8,12,N/A,N/A,N/A
Consultoria de ESG e licenciamento ambiental,Rio de Janeiro,Ekols Serviço e Licenciamento - Consultoria Ambiental e Gerenciamento de Áreas Contaminadas,N/A,(21) 98056-1234,http://www.ekols.com.br/,Consultor ambiental,5.0,16,N/A,N/A,N/A
Consultoria de ESG e licenciamento ambiental,Rio de Janeiro,Muda Soluções Ambientais,N/A,(21) 98886-1146,https://mudaambiental.com.br/,Consultor ambiental,5.0,32,N/A,N/A,N/A
Consultoria de ESG e licenciamento ambiental,Rio de Janeiro,Alleanza Ambiental,N/A,(21) 99802-8922,https://www.alleanzaengenharia.com.br/,Engenharia ambiental,0.0,0,N/A,N/A,N/A
Consultoria de ESG e licenciamento ambiental,Rio de Janeiro,Certifica Ambiental Consultoria e Gestão,N/A,(21) 97012-7913,https://certificaambiental.com.br/,Consultoria,5.0,1,N/A,N/A,N/A
Consultoria de ESG e licenciamento ambiental,Rio de Janeiro,Eco ambiental Assessoria em Segurança e Medicina do Trabalho,N/A,(21) 3461-8585,http://www.ecoambientalweb.com.br/,Saúde e segurança ocupacional,5.0,26,N/A,N/A,N/A
Consultoria de ESG e licenciamento ambiental,Rio de Janeiro,Grupo Eságua,N/A,(21) 2587-9013,N/A,Escritório da empresa,4.8,4,N/A,N/A,N/A
Consultoria de ESG e licenciamento ambiental,Rio de Janeiro,ASA AMBIENTAL,N/A,(21) 98710-8533,http://www.asaambiental.com.br/,Consultoria,0.0,0,N/A,N/A,N/A
Consultoria de ESG e licenciamento ambiental,Rio de Janeiro,Gestão Transversal - Serviços e Projetos Especiais em ESG," · R. Jardim Botânico, 568",(21) 99906-8920,http://www.gestaotransversal.com.br/,Escritório da empresa,0.0,0,N/A,N/A,N/A
Consultoria de ESG e licenciamento ambiental,Rio de Janeiro,Consultoria em Engenharia Legal e Diagnóstica," · Nova América Offices - Av. Pastor Martin Luther King Jr., 126 - Torre 3000",N/A,https://aguilar.eng.br/,Consultoria em engenharia,5.0,62,N/A,N/A,N/A
Consultoria de ESG e licenciamento ambiental,Rio de Janeiro,GETS AMBIENTAL,N/A,(11) 99737-3589,https://www.getsambiental.com.br/,Consultor ambiental,5.0,6,N/A,N/A,N/A
Consultoria de ESG e licenciamento ambiental,Rio de Janeiro,Instituto Brasileiro de Sustentabilidade - INBS," · Av. Paulista, 1636 - 15º andar",(11) 99710-5220,http://www.inbs.com.br/,Consultoria empresarial,4.8,81,N/A,N/A,N/A
Consultoria de ESG e licenciamento ambiental,Rio de Janeiro,Amor à Natureza Serviços Ambientais,N/A,(21) 98599-5232,http://www.anservicosambientais.com.br/,Consultor ambiental,0.0,0,N/A,N/A,N/A
Instalação de sistemas de incêndio,Rio de Janeiro,Top Fire - Prevenção contra incêndio RJ," · Esquina com - Rua Marechal Hermes, Av. Expedicionário José Amaro, 477",(21) 98389-4623,https://topfirerj.com.br/,Fornecedor de sistemas de proteção contra incêndios,5.0,82,N/A,N/A,N/A
Instalação de sistemas de incêndio,Rio de Janeiro,Fogobras Equipamentos e Materiais Contra Incêndio," · R. Barão do Bom Retiro, 424",(21) 2201-3297,http://www.fogobras.com.br/,Fornecedor de sistemas de proteção contra incêndios,5.0,170,N/A,N/A,N/A
Instalação de sistemas de incêndio,Rio de Janeiro,MASTER FIRE PREVENÇÃO E COMBATE A INCÊNDIO LTDA,N/A,(21) 3298-8711,N/A,Fornecedor de sistemas de proteção contra incêndios,4.8,17,N/A,N/A,N/A
Instalação de sistemas de incêndio,Rio de Janeiro,Sant'anna Rio - Sistemas Contra Incêndio,N/A,(21) 2594-0131,N/A,Fornecedor de sistemas de proteção contra incêndios,3.9,29,N/A,N/A,N/A
Instalação de sistemas de incêndio,Rio de Janeiro,MM.Fire Instalação e Manutenção,N/A,(21) 99174-6696,http://www.mmfire.com.br/,Fornecedor de sistemas de proteção contra incêndios,5.0,2,N/A,N/A,N/A
Instalação de sistemas de incêndio,Rio de Janeiro,FOCO - Sistemas Contra Incêndio,N/A,(21) 99132-9102,N/A,Serviços de proteção contra incêndio,5.0,12,N/A,N/A,N/A
Instalação de sistemas de incêndio,Rio de Janeiro,Unitecsystem🧯,N/A,(21) 2474-2503,https://unitecsystem.com.br/,Fornecedor de sistemas de proteção contra incêndios,5.0,12,N/A,N/A,N/A
Instalação de sistemas de incêndio,Rio de Janeiro,Magyrus Engenharia Ltda," · R. Divisória, 255",(21) 2451-6993,http://www.magyrusengenharia.com.br/,Loja de Equipamento Contra Incêndio,4.9,16,N/A,N/A,N/A
Instalação de sistemas de incêndio,Rio de Janeiro,BRIGGS Soluções contra incêndio,N/A,(21) 2501-6529,http://briggs.com.br/,Serviços de proteção contra incêndio,4.9,34,N/A,N/A,N/A
Instalação de sistemas de incêndio,Rio de Janeiro,S G Fire | Segurança Contra Incêndio,N/A,(21) 3689-6305,http://www.sgfire.com.br/,Fornecedor de sistemas de proteção contra incêndios,5.0,2,N/A,N/A,N/A
Instalação de sistemas de incêndio,Rio de Janeiro,Nova Líder - Incêndios RJ,N/A,(21) 99875-7319,https://www.incendiosrj.com.br/?utm_source=google&utm_medium=wix_google_business_profile&utm_campaign=15492396696447474849,Fornecedor de equipamentos de segurança,5.0,10,N/A,N/A,N/A
Instalação de sistemas de incêndio,Rio de Janeiro,Connect Fire - Placas de Sinalização e Acessibilidade.,N/A,(21) 3583-8313,http://www.connectfire.com.br/,Loja de Equipamento Contra Incêndio,4.8,24,N/A,N/A,N/A
Instalação de sistemas de incêndio,Rio de Janeiro,ART Sistemas Contra Incêndio,N/A,(21) 2564-9492,http://artincendios.com.br/,Loja de Equipamento Contra Incêndio,5.0,3,N/A,N/A,N/A
Instalação de sistemas de incêndio,Rio de Janeiro,Onixx Fire Prevenção Contra Incêndio,N/A,(21) 2088-7533,https://www.onixxfire.com.br/,Loja de Equipamento Contra Incêndio,5.0,3,N/A,N/A,N/A
Instalação de sistemas de incêndio,Rio de Janeiro,BJ Engenharia de Incêndio Ltda-ME,N/A,(21) 2261-1718,http://beljon.com.br/,Fornecedor de sistemas de proteção contra incêndios,4.3,8,N/A,N/A,N/A
Instalação de sistemas de incêndio,Rio de Janeiro,"Sparta Engenharia de Incêndio - Projetos de segurança contra Incêndio, obras, legalizações, venda de extintores e mangueiras"," · R. Avaré, 431",(21) 99390-7306,http://engenhariasparta.com.br/,Serviços de proteção contra incêndio,4.9,54,N/A,N/A,N/A
Instalação de sistemas de incêndio,Rio de Janeiro,R Fire Sistemas,N/A,(21) 96807-2058,http://rfire.com.br/,Loja de Equipamento Contra Incêndio,5.0,8,N/A,N/A,N/A
Instalação de sistemas de incêndio,Rio de Janeiro,RPM Segurança Contra Incêndio,N/A,(21) 97244-5109,https://www.rpmsci.com.br/,Empresa de engenharia civil,5.0,60,N/A,N/A,N/A
Instalação de sistemas de incêndio,Rio de Janeiro,Ekiper Fire Ltda.,N/A,(21) 3420-6007,http://www.ekiper.com.br/,Fornecedor de sistemas de proteção contra incêndios,4.7,6,N/A,N/A,N/A
Instalação de sistemas de incêndio,Rio de Janeiro,RED SAFETY Segurança Contra Incêndio,N/A,(21) 3189-9534,http://www.redsafety.com.br/,Serviços de proteção contra incêndio,4.9,15,N/A,N/A,N/A
Impermeabilização e recuperação de fachadas,Rio de Janeiro,Tdszaf reformas impermeabilização pintura de fachada telhado em todo rio de janeiro,N/A,(21) 96666-5829,http://www.tdszafreformas.com.br/,Construtora,4.1,14,N/A,N/A,N/A
Impermeabilização e recuperação de fachadas,Rio de Janeiro,Hidracon Sistemas Contra Incêndio e Manutenção Predial,N/A,(21) 98288-4714,https://www.hidraconrj.com.br/,Serviço de impermeabilização,5.0,36,N/A,N/A,N/A
Impermeabilização e recuperação de fachadas,Rio de Janeiro,Reveste Rio,N/A,(21) 96452-0686,https://pinturaresidencialrj.com/,Pintura,4.9,24,N/A,N/A,N/A
Impermeabilização e recuperação de fachadas,Rio de Janeiro,Repint Reformas Restauração de fachadas prediais.," · R. Hugo Gonçalves, 47",N/A,https://www.facebook.com/Repintreformas,Serviço de restauração de prédios,4.8,13,N/A,N/A,N/A
Impermeabilização e recuperação de fachadas,Rio de Janeiro,CM Engenharia e Arquitetura,N/A,(21) 97997-8097,https://cmengenhariaearquitetura.com.br/,Serviço de impermeabilização,5.0,49,N/A,N/A,N/A
Impermeabilização e recuperação de fachadas,Rio de Janeiro,MS REFORMA PREDIAL,N/A,(21) 97034-8009,https://www.msreformapredial.com.br/,Serviço de impermeabilização,0.0,0,N/A,N/A,N/A
Impermeabilização e recuperação de fachadas,Rio de Janeiro,Alfa Qualitec Alpinismo Industrial,N/A,N/A,http://www.alfaqualitec.com.br/,Serviço de impermeabilização,5.0,18,N/A,N/A,N/A
Impermeabilização e recuperação de fachadas,Rio de Janeiro,Construmedley I Reforma de Fachadas,N/A,(21) 99842-9235,https://www.reformadefachadasrj.com.br/,Manutenção predial,5.0,2,N/A,N/A,N/A
Impermeabilização e recuperação de fachadas,Rio de Janeiro,MantaRio Serviços de Impermeabilização e Construções,N/A,(21) 96559-1983,N/A,Serviço de impermeabilização,4.8,39,N/A,N/A,N/A
Impermeabilização e recuperação de fachadas,Rio de Janeiro,IMPERMEABILIZAÇÃO RJ,N/A,(21) 98235-1246,http://impermeabilizacao.info/,Serviço de impermeabilização,4.3,16,N/A,N/A,N/A
Impermeabilização e recuperação de fachadas,Rio de Janeiro,ALCANCE EMPREITEIRA,N/A,N/A,https://www.alcanceempreiteira.com.br/?utm_source=google&utm_medium=wix_google_business_profile&utm_campaign=1982047878534625623,Serviço de impermeabilização,5.0,9,N/A,N/A,N/A
Impermeabilização e recuperação de fachadas,Rio de Janeiro,Pinturas de Fachadas RJ Equipe A.L.A," · R. Constança Barbosa, 65 - 201",(21) 97653-9516,http://equipealaconstrutora.com.br/,Pintura,5.0,2,N/A,N/A,N/A
Impermeabilização e recuperação de fachadas,Rio de Janeiro,REFORMAS DE FACHADAS,N/A,(21) 98272-2545,https://www.abr-predial-reformas-de-fachada.com/,Serviço de impermeabilização,4.5,2,N/A,N/A,N/A
Impermeabilização e recuperação de fachadas,Rio de Janeiro,Nicolau restauração de fachadas, · R. Adriana,(21) 96856-6901,N/A,Pintura,5.0,5,N/A,N/A,N/A
Impermeabilização e recuperação de fachadas,Rio de Janeiro,FS Engenharia e Arquitetura LTDA,N/A,(21) 98494-8920,https://fsengearqui.com/,Serviço de impermeabilização,5.0,1,N/A,N/A,N/A
Impermeabilização e recuperação de fachadas,Rio de Janeiro,Tecnil Fachadas e Interiores,N/A,(21) 97400-9629,https://tecnil.srv.br/,Serviço de impermeabilização,0.0,0,N/A,N/A,N/A
Impermeabilização e recuperação de fachadas,Rio de Janeiro,Recuperação de Fachadas RJ - Gesù Engenharia,N/A,(21) 4141-2271,http://www.gesuengenharia.com.br/restauracao-de-fachadas/,Serviço de impermeabilização,0.0,0,N/A,N/A,N/A
Impermeabilização e recuperação de fachadas,Rio de Janeiro,Fetec Reformas De Fachadas Prediais,N/A,(21) 3281-2703,https://fetecrj.com.br/,Serviço de restauração de prédios,4.9,24,N/A,N/A,N/A
Impermeabilização e recuperação de fachadas,Rio de Janeiro,TECRYL," · Estr. Bento Pestana, 966",(21) 2626-1403,http://www.tecryl.com.br/,Empresa de impermeabilização,4.3,77,N/A,N/A,N/A
Impermeabilização e recuperação de fachadas,Rio de Janeiro,Restauração de Fachadas RJ Equipe A.L.A,N/A,(21) 97653-9516,http://equipealaconstrutora.com.br/,Pintura,5.0,3,N/A,N/A,N/A
Laudos elétricos,Rio de Janeiro,SRT ENERGIA - Laudo de SPDA - Para Raio | Serviços Elétricos-RJ,N/A,(21) 99787-1391,N/A,Serviço de instalação elétrica,5.0,7,N/A,N/A,N/A
Laudos elétricos,Rio de Janeiro,"Inoveletrica - Reforma de Pc, Laudos Elétricos",N/A,(21) 3796-6912,N/A,Serviços de engenharia eletrônica,5.0,3,N/A,N/A,N/A
Laudos elétricos,Rio de Janeiro,EMF ENGENHARIA E SERVIÇOS TÉCNICOS LTDA,N/A,(21) 97623-4118,http://emf-engenharia.com.br/,Consultoria em engenharia,5.0,10,N/A,N/A,N/A
Laudos elétricos,Rio de Janeiro,Laudos Engenharia LTDA," · R. Brasilina, 15 - sala 705",(21) 99626-7104,http://www.laudosengenharia.eng.br/,Escritório da empresa,5.0,2,N/A,N/A,N/A
Laudos elétricos,Rio de Janeiro,ENSAIOS ELÉTRICOS," · Rua Clarimundo de Melo, 381",(21) 99441-8620,http://www.ensaioseletricosrj.com.br/,Laboratório,4.4,7,N/A,N/A,N/A
Laudos elétricos,Rio de Janeiro,Repaen Engenharia e Tecnologia,N/A,(21) 98591-5206,https://repaen.tech/,Empresa de automação de casas,4.3,16,N/A,N/A,N/A
Laudos elétricos,Rio de Janeiro,"Engenheiro Civil e Engenheiro Eletricista: Serviços de Projetos, Laudo Técnico e ART",N/A,(21) 96954-4783,N/A,Engenheiro civil,0.0,0,N/A,N/A,N/A
Automação predial,Rio de Janeiro,Projetoseletroeletronicos,N/A,(21) 99952-1497,N/A,Empresa de telecomunicação,4.0,3,N/A,N/A,N/A
Automação predial,Rio de Janeiro,aau Tecnologia & Automação,N/A,(21) 4116-4066,N/A,Empresa de Automação Empresarial,5.0,5,N/A,N/A,N/A
Automação predial,Rio de Janeiro,Smart Slg,N/A,(11) 3094-2600,https://www.smartslg.com.br/,Empresa de Automação Empresarial,5.0,7,N/A,N/A,N/A
Automação predial,Rio de Janeiro,Delmak - Automação Residencial e Comercial no Rio de Janeiro," · bl G Sala 201, Av. Ayrton Senna, 2150",(21) 97259-3939,http://www.delmak.com.br/,Empresa de automação de casas,5.0,20,N/A,N/A,N/A
Automação predial,Rio de Janeiro,"RBT - Automação Residencial, Câmeras de Segurança"," · Praia de Botafogo, 370",(21) 99834-1969,https://www.rbttecnologia.com.br/automacao-predial/,Circuito fechado de TV,5.0,53,N/A,N/A,N/A
Automação predial,Rio de Janeiro,Descomplica Soluções Técnicas,N/A,(21) 96817-7745,https://www.descomplicasolutec.com.br/,Empresa de automação de casas,5.0,2,N/A,N/A,N/A
Automação predial,Rio de Janeiro,MS Serviços Técnicos,N/A,(21) 98179-2195,https://msservtec.com.br/,Empresa de Automação Empresarial,5.0,2,N/A,N/A,N/A
Automação predial,Rio de Janeiro,Cetem Automação,N/A,(21) 3283-8140,http://cetemrj.com.br/,Empresa,4.9,10,N/A,N/A,N/A
Automação predial,Rio de Janeiro,PD7 Tech," · R. Riachuelo, 130",0800 580 7017,http://www.pd7.com.br/,Empresa de Automação Empresarial,4.8,23,N/A,N/A,N/A
Automação predial,Rio de Janeiro,MS Segurança Eletrônica,N/A,(21) 97014-3212,https://mssegurancaeletron5.wixsite.com/ms-seguran-a-eletron,Empresa de automação de casas,4.7,47,N/A,N/A,N/A
Automação predial,Rio de Janeiro,Grupo Automa Rio | Automação Comercial e informática," · Av. Alm. Júlio de Sá Bierrenbach, 65 - Bloco 2, Sala 605",(21) 3952-6415,http://www.grupoautomario.com.br/,Empresa de Automação Empresarial,5.0,18,N/A,N/A,N/A
Automação predial,Rio de Janeiro,TH Technology,N/A,(21) 97893-5101,https://th-technology-home-automation-company.negocio.site/?utm_source=gmb&utm_medium=referral,Empresa de automação de casas,5.0,1,N/A,N/A,N/A
Automação predial,Rio de Janeiro,AMK Tecnologia e Serviços,N/A,(21) 97922-6154,https://www.instagram.com/amktecnologia,Serviço de segurança,5.0,2,N/A,N/A,N/A
Automação predial,Rio de Janeiro,D&A Automação Comercial,N/A,(21) 3274-7529,http://www.deaautomacao.com.br/,Empresa de Automação Empresarial,4.4,7,N/A,N/A,N/A
Automação predial,Rio de Janeiro,Elétrica Fina Soluções em Instalações Elétricas e Automação,N/A,(21) 97553-7643,N/A,Empresa de Automação Empresarial,5.0,11,N/A,N/A,N/A
Automação predial,Rio de Janeiro,E-Vertical," · Av. Júlio de Sá Bierrenbach, 65",(21) 2303-1175,http://www.evertical.com.br/,Empresa de Automação Empresarial,0.0,0,N/A,N/A,N/A
Automação predial,Rio de Janeiro,myio,N/A,N/A,http://myio.com.br/,Empresa de Software,4.0,2,N/A,N/A,N/A
Automação predial,Rio de Janeiro,Lopor Engenharia,N/A,(21) 98179-3879,https://www.lopor.com.br/,Serviço de instalação elétrica,4.9,12,N/A,N/A,N/A
Automação predial,Rio de Janeiro,Elite Integration Technology,N/A,(21) 2232-4040,http://www.eliteintegration.com.br/,Empresa de automação de casas,0.0,0,N/A,N/A,N/A
Automação predial,Rio de Janeiro,MAJTec Serviços,N/A,(21) 98253-1417,https://www.majtecservicos.com.br/,Serviço de instalação de sistema de segurança,5.0,30,N/A,N/A,N/A
Regularização fundiária,Rio de Janeiro,SMHRF - Secretaria Municipal de Habitação e Regularização Fundiária,N/A,(21) 2613-3988,http://www.niteroi.rj.gov.br/,Prefeitura,2.0,3,N/A,N/A,N/A
Regularização fundiária,Rio de Janeiro,METRO REGULARIZAÇÃO IMOBILIÁRIA E FUNDIÁRIA,N/A,(21) 96958-7602,https://metrorif.com.br/,Assistência jurídica,0.0,0,N/A,N/A,N/A
Regularização fundiária,Rio de Janeiro,Coordenadoria de Acessibilidade de Niterói," · Prédio da Rodoviária Roberto Silveira, Praça Fonseca Ramos, S/N",(21) 2613-6610,http://www.facebook.com/acessibilidadeniteroi,Repartição pública,3.0,1,N/A,N/A,N/A
Regularização fundiária,Rio de Janeiro,Instituto de Terras e Cartografia do Estado do Rio de Janeiro,N/A,(21) 2332-7232,http://www.iterj.rj.gov.br/iterj_site/,Escritório do Governo do Estado,3.6,31,N/A,N/A,N/A
Regularização fundiária,Rio de Janeiro,Regulariza Portal | Regularização de CPF," · R. da Quitanda, 86",(21) 4104-0221,https://regularizaportal.com.br/,Planejador financeiro,4.8,6,N/A,N/A,N/A
Regularização fundiária,Rio de Janeiro,Secretaria de Urbanismo e Regularização Fundiária,N/A,N/A,http://www.guapimirim.rj.gov.br/urbanismo,Repartição pública,5.0,3,N/A,N/A,N/A
Regularização fundiária,Rio de Janeiro,"Secretaria Municipal de Habitação, Regularização Fundiária e Agricultura",N/A,(24) 3352-1439,http://www.itatiaia.rj.gov.br/,Repartição pública,5.0,3,N/A,N/A,N/A
Regularização fundiária,Rio de Janeiro,Secretaria De Habitação E Regularização Fundiária (Sehab)," · R. Cidade de Santos, 222",(12) 3892-6568,N/A,Prefeitura,4.3,7,N/A,N/A,N/A
Regularização fundiária,Rio de Janeiro,6ª GRLF - Gerência Regional de Licenciamento e Fiscalização - SMF," · R. Santa Fé, 50",N/A,N/A,Prestador de serviços públicos,3.0,2,N/A,N/A,N/A
Regularização fundiária,Rio de Janeiro,Programa Estadual de Regularização Fundiária – PROGRAMA MINHA TERRA,N/A,(11) 5067-0000,N/A,Prefeitura,0.0,0,N/A,N/A,N/A
Regularização fundiária,Rio de Janeiro,InCidade Regularização Fundiária LTDA,N/A,(11) 4521-8563,http://www.incidade.com.br/,Escritório de Arquitetura,5.0,3,N/A,N/A,N/A
Regularização fundiária,Rio de Janeiro,UFF - Núcleo de Estudos e Projetos Habitacionais e Urbanos,N/A,(21) 2629-2471,http://nephu.sites.uff.br/,Centro de estudos,5.0,2,N/A,N/A,N/A
Regularização fundiária,Rio de Janeiro,Regularização Fundiária,N/A,(32) 98845-4985,https://regularizacaofundiariamg.com.br/,Imobiliária,0.0,0,N/A,N/A,N/A
georreferenciamento rural,Rio de Janeiro,Mensurar Jr,N/A,(21) 97139-4936,https://www.mensurarjunior.com/,Empresa de topografia,4.4,13,N/A,N/A,N/A
georreferenciamento rural,Rio de Janeiro,SOUZA JR Geomensura,N/A,(22) 98131-3440,https://www.souzajrtopografia.com.br/?utm_source=google&utm_medium=wix_google_business_profile&utm_campaign=13755218525658464541,Empresa de topografia,5.0,2,N/A,N/A,N/A
georreferenciamento rural,Rio de Janeiro,Rural Map Georreferenciamento de Imoveis Rurais," · Prç. Dr. Gouveia, 156",(35) 99244-5959,N/A,Escritório da empresa,4.5,2,N/A,N/A,N/A
georreferenciamento rural,Rio de Janeiro,MTH2 Topografia,N/A,(21) 96753-3019,https://www.mth2topografia.com/,Empresa de topografia,5.0,10,N/A,N/A,N/A
georreferenciamento rural,Rio de Janeiro,Rural Consultoria | Análise de Solo e Consultoria Agrícola,N/A,(21) 97440-4313,https://ruralconsultoriajr.com.br/,Consultor ambiental,5.0,50,N/A,N/A,N/A
Consultoria de eficiência energética,Rio de Janeiro,Jordão Energia,N/A,(21) 2413-5743,N/A,Consultoria em engenharia,4.8,16,N/A,N/A,N/A
Consultoria de eficiência energética,Rio de Janeiro,"Ambio | Consultoria, Engenharia Ambiental e Eficiência Energética"," · Av. Princesa Isabel, 323",(21) 3734-4797,http://www.ambiopar.com.br/,Consultoria em engenharia,3.9,15,N/A,N/A,N/A
Consultoria de eficiência energética,Rio de Janeiro,Elétron Eficiência Energética," · Av. Marquês do Paraná, 191/805",(21) 3254-8533,http://eletroneficiencia.com.br/,Consultoria em engenharia,0.0,0,N/A,N/A,N/A
Consultoria de eficiência energética,Rio de Janeiro,Energia Alternativa do Rio de Janeiro Serviços Ltda,N/A,(21) 3066-9182,N/A,Engenheiro mecânico,5.0,1,N/A,N/A,N/A
Consultoria de eficiência energética,Rio de Janeiro,Jordão Energia," · Av. Rio Branco, 120 - Grupo 830",(21) 2413-5743,https://www.jordaoenergia.com.br/,Consultoria em engenharia,4.8,16,N/A,N/A,N/A
Consultoria de eficiência energética,Rio de Janeiro,LL Freire Eficiencia Energetica & Consultoria LTDA- ME,N/A,(21) 96403-1744,https://frerenegocios.com.br/,Equipamentos e soluções de energia,5.0,1,N/A,N/A,N/A
Consultoria de eficiência energética,Rio de Janeiro,Energy BI," · R. do Bpo., 323 - Apt. 201",(21) 2283-4475,http://energybi.com.br/,Equipamentos e soluções de energia,0.0,0,N/A,N/A,N/A
Consultoria de eficiência energética,Rio de Janeiro,ECCO Energia," · Rua Humaitá, 85 - 4º andar",(21) 96954-2395,N/A,Consultoria empresarial,0.0,0,N/A,N/A,N/A
Consultoria de eficiência energética,Rio de Janeiro,4E Eficiencia Energetica," · Av. João Cabral de Mello Neto, 850 - Torre West 1104",(21) 99613-3309,https://www.4energia.com.br/,Equipamentos e soluções de energia,0.0,0,N/A,N/A,N/A
Consultoria de eficiência energética,Rio de Janeiro,SEE SOLUÇÃO EFICIÊNCIA ENERGÉTICA,N/A,(21) 99106-4656,N/A,Fabricante,0.0,0,N/A,N/A,N/A
Consultoria de eficiência energética,Rio de Janeiro,Tesla Jr," · Rua Passo da Pátria, 156 Bloco D, Sala 331-A",(21) 99732-9418,http://www.teslajunior.com.br/,Consultoria em engenharia,5.0,10,N/A,N/A,N/A
Consultoria de eficiência energética,Rio de Janeiro,BRA + Engenharia de Eficiência Energética,N/A,(21) 97929-0094,N/A,Fornecedor de equipamentos a energia solar,5.0,11,N/A,N/A,N/A
Consultoria de eficiência energética,Rio de Janeiro,Áthomo Energy Tecnologia Ambiental," · Av. Alm. Júlio de Sá Bierrenbach, 65 - sala 613 e 614",(21) 97322-4339,https://azume.com.br/institucional/athomoenergy,Empresa de energia solar,3.7,3,N/A,N/A,N/A
Consultoria de eficiência energética,Rio de Janeiro,Helexia - Brazil - Rio de Janeiro," · R. Visc. de Ouro Preto, 5 - 10 andar",(21) 4042-2448,https://www.helexia.com.br/,Equipamentos e soluções de energia,5.0,13,N/A,N/A,N/A
Consultoria de eficiência energética,Rio de Janeiro,CAMPOS ENERGIA," · R. Visc. de Itabaiana, 78",(21) 96500-6500,https://camposenergia.com.br/,Empresa de energia solar,5.0,1,N/A,N/A,N/A
Consultoria de eficiência energética,Rio de Janeiro,EcoGov,N/A,(21) 98849-2283,https://www.ecogov.com.br/,Serviço de consultoria em energia,0.0,0,N/A,N/A,N/A
Consultoria de eficiência energética,Rio de Janeiro,GRID ELETRICA E CONSULTORIA LTDA,N/A,(21) 99502-3601,http://www.grideletrica.com.br/,Serviço de instalação elétrica,5.0,1,N/A,N/A,N/A
Consultoria de eficiência energética,Rio de Janeiro,DEV Solar Eficiência Energética,N/A,(21) 99967-7722,https://www.lp.devsolar.com.br/,Empresa de energia solar,5.0,8,N/A,N/A,N/A
Consultoria de eficiência energética,Rio de Janeiro,terra nova eficiência energética consultoria em engenharia,N/A,(21) 99633-5352,N/A,Engenheiro,0.0,0,N/A,N/A,N/A
Consultoria de eficiência energética,Rio de Janeiro,Know How Eficiência Energética," · Península Office - Av. João Cabral de Mello Neto, 610 - sala 1308",(21) 96716-0169,http://www.knowhoweficiencia.com.br/,Complexo residencial,0.0,0,N/A,N/A,N/A
